{
  "iteration": 12,
  "backend_name": "evolved",
  "timestamp": "2026-03-31T11:34:28.137738",
  "optimization": {
    "n_trials": 413,
    "converged_early": true,
    "optimization_time_seconds": 988.3628478050232,
    "num_errors": 0
  },
  "best_params": {
    "alpha": [
      0.00077191273015217,
      0.0001003398270362574,
      0.0002496381975582318
    ],
    "beta": [
      0.22315581110688662,
      0.8629516517037559,
      0.2836785516361818,
      0.0011572674700501928,
      6.384371251631959e-08,
      0.7970476113584795,
      2.238450010999992e-05,
      0.022002539665155328,
      0.029990099891537374,
      8.697939287062156e-05,
      1.5883927226941145e-07
    ]
  },
  "loss": {
    "overall_loss": 2590.2417125419443,
    "ttft_rmse": 1349.5674404445328,
    "e2e_rmse": 1240.6742720974112
  },
  "per_experiment_results": [
    {
      "experiment_folder": "/Users/dipanwitaguhathakurta/Downloads/inference-sim-package/inference-sim/training/trainval_data/62-mistral-nemo-12b-tp2-general-lite-2-1",
      "model": "mistralai/Mistral-Nemo-Instruct-2407",
      "workload": "general-lite-2-1",
      "ttft_mean_ape": 3718.1332991682543,
      "e2e_mean_ape": 3404.88971228828,
      "combined_loss": 7123.023011456535,
      "wall_clock_seconds": 0.17259495798498392,
      "latency_ape": {
        "e2e": {
          "mean": 3404.88971228828,
          "p90": 3304.8069274809036,
          "p99": 18254.491993422023
        },
        "ttft": {
          "mean": 3718.1332991682543,
          "p90": 10432.545370851176,
          "p99": 16872.421904244296
        },
        "itl": {
          "mean": 3416.844527389718
        }
      },
      "throughput_ape": {
        "input_tokens_per_sec": 94.28923082262321,
        "output_tokens_per_sec": 97.46489322757512,
        "requests_per_sec": 98.0932353381005
      }
    },
    {
      "experiment_folder": "/Users/dipanwitaguhathakurta/Downloads/inference-sim-package/inference-sim/training/trainval_data/20260217-155451-llama-2-7b-tp1-codegen",
      "model": "meta-llama/Llama-2-7b-hf",
      "workload": "codegen",
      "ttft_mean_ape": 1679.0078505719855,
      "e2e_mean_ape": 1794.4796171070852,
      "combined_loss": 3473.4874676790705,
      "wall_clock_seconds": 0.23844079091213644,
      "latency_ape": {
        "e2e": {
          "mean": 1794.4796171070852,
          "p90": 2307.199887187764,
          "p99": 11501.5616888877
        },
        "ttft": {
          "mean": 1679.0078505719855,
          "p90": 4808.580083320219,
          "p99": 5171.259140008341
        },
        "itl": {
          "mean": 1405.335462069964
        }
      },
      "throughput_ape": {
        "input_tokens_per_sec": 96.5393612507569,
        "output_tokens_per_sec": 98.38649909837311,
        "requests_per_sec": 99.01821674434454
      }
    },
    {
      "experiment_folder": "/Users/dipanwitaguhathakurta/Downloads/inference-sim-package/inference-sim/training/trainval_data/63-mistral-nemo-12b-tp1-codegen-1-1",
      "model": "mistralai/Mistral-Nemo-Instruct-2407",
      "workload": "codegen-1-1",
      "ttft_mean_ape": 1437.245830275386,
      "e2e_mean_ape": 1435.6828942674347,
      "combined_loss": 2872.9287245428204,
      "wall_clock_seconds": 0.1972125000320375,
      "latency_ape": {
        "e2e": {
          "mean": 1435.6828942674347,
          "p90": 2039.5291856243148,
          "p99": 10644.26754722386
        },
        "ttft": {
          "mean": 1437.245830275386,
          "p90": 4374.677466530831,
          "p99": 5958.982170467823
        },
        "itl": {
          "mean": 1440.2346591297244
        }
      },
      "throughput_ape": {
        "input_tokens_per_sec": 96.48739152181362,
        "output_tokens_per_sec": 98.72044413325925,
        "requests_per_sec": 99.01736329346753
      }
    },
    {
      "experiment_folder": "/Users/dipanwitaguhathakurta/Downloads/inference-sim-package/inference-sim/training/trainval_data/65-01-ai-yi-34b-tp2-general-lite-2-1",
      "model": "01-ai/Yi-34B",
      "workload": "general-lite-2-1",
      "ttft_mean_ape": 1207.8288728691714,
      "e2e_mean_ape": 1290.8607640419898,
      "combined_loss": 2498.689636911161,
      "wall_clock_seconds": 0.17304137512110174,
      "latency_ape": {
        "e2e": {
          "mean": 1290.8607640419898,
          "p90": 1241.6103661757572,
          "p99": 7105.799624293648
        },
        "ttft": {
          "mean": 1207.8288728691714,
          "p90": 3069.4795946219206,
          "p99": 4280.292167299443
        },
        "itl": {
          "mean": 1299.7423939346377
        }
      },
      "throughput_ape": {
        "input_tokens_per_sec": 94.3804474046304,
        "output_tokens_per_sec": 97.49132127617794,
        "requests_per_sec": 98.10280579206855
      }
    },
    {
      "experiment_folder": "/Users/dipanwitaguhathakurta/Downloads/inference-sim-package/inference-sim/training/trainval_data/64-qwen2-5-7b-instruct-tp1-roleplay-1-1",
      "model": "Qwen/Qwen2.5-7B-Instruct",
      "workload": "roleplay-1-1",
      "ttft_mean_ape": 1233.318202196164,
      "e2e_mean_ape": 899.8107646808402,
      "combined_loss": 2133.128966877004,
      "wall_clock_seconds": 0.24156737490557134,
      "latency_ape": {
        "e2e": {
          "mean": 899.8107646808402,
          "p90": 768.1021997499405,
          "p99": 740.4581246304817
        },
        "ttft": {
          "mean": 1233.318202196164,
          "p90": 1973.6680717832887,
          "p99": 5668.861180930709
        },
        "itl": {
          "mean": 897.8124088440204
        }
      },
      "throughput_ape": {
        "input_tokens_per_sec": 95.55940605096265,
        "output_tokens_per_sec": 98.64999504094926,
        "requests_per_sec": 98.81228921958898
      }
    },
    {
      "experiment_folder": "/Users/dipanwitaguhathakurta/Downloads/inference-sim-package/inference-sim/training/trainval_data/60-llama-3-1-70b-tp4-general-lite-4-1",
      "model": "meta-llama/Llama-3.1-70B-Instruct",
      "workload": "general-lite-4-1",
      "ttft_mean_ape": 1020.639850565297,
      "e2e_mean_ape": 1101.6629396682115,
      "combined_loss": 2122.3027902335084,
      "wall_clock_seconds": 0.17868729191832244,
      "latency_ape": {
        "e2e": {
          "mean": 1101.6629396682115,
          "p90": 1011.1540117366744,
          "p99": 5892.429907558025
        },
        "ttft": {
          "mean": 1020.639850565297,
          "p90": 2636.8729355610894,
          "p99": 3880.410810030009
        },
        "itl": {
          "mean": 1089.5212738004393
        }
      },
      "throughput_ape": {
        "input_tokens_per_sec": 94.3756822305016,
        "output_tokens_per_sec": 97.44426800906778,
        "requests_per_sec": 98.09974250286132
      }
    },
    {
      "experiment_folder": "/Users/dipanwitaguhathakurta/Downloads/inference-sim-package/inference-sim/training/trainval_data/20260217-162547-llama-2-7b-tp1-roleplay",
      "model": "meta-llama/Llama-2-7b-hf",
      "workload": "roleplay",
      "ttft_mean_ape": 1206.42600287595,
      "e2e_mean_ape": 755.4467437218811,
      "combined_loss": 1961.872746597831,
      "wall_clock_seconds": 0.2654352500103414,
      "latency_ape": {
        "e2e": {
          "mean": 755.4467437218811,
          "p90": 599.8602869250615,
          "p99": 559.210137841918
        },
        "ttft": {
          "mean": 1206.42600287595,
          "p90": 2275.6852066267606,
          "p99": 6364.388606687822
        },
        "itl": {
          "mean": 604.4539672319695
        }
      },
      "throughput_ape": {
        "input_tokens_per_sec": 95.5404489804339,
        "output_tokens_per_sec": 98.36808830261226,
        "requests_per_sec": 98.81219928778205
      }
    },
    {
      "experiment_folder": "/Users/dipanwitaguhathakurta/Downloads/inference-sim-package/inference-sim/training/trainval_data/17-llama-4-scout-17b-16e-tp2-general-lite-2-1",