{
  "iteration": 16,
  "backend_name": "evolved",
  "timestamp": "2026-04-01T13:42:00",
  "optimization": {
    "n_trials": 1705,
    "optimization_time_seconds": 7200,
    "num_errors": 0,
    "note": "Trained on 9/15 experiments (6 Llama models missing HF configs). Full 15-experiment eval with locally-cached configs."
  },
  "best_params": {
    "alpha": [
      15569.495449697066,
      815.0556502348827,
      45.705744318725586
    ],
    "beta": [
      0.20081681581824434,
      1.6173961192042448,
      1.3603417361920076,
      0.39579536655780084,
      62.19421689224744,
      2.937563498958273,
      169.37780505091155
    ]
  },
  "loss": {
    "overall_loss": 60.19091171008196,
    "ttft_rmse": 31.36369177620731,
    "e2e_rmse": 28.82721993387465
  },
  "per_experiment_results": [
    {
      "experiment_folder": "/Users/sri/Documents/Projects/inference-sim/training/trainval_data/48-llama-4-scout-17b-16e-tp2-reasoning-lite-2-1",
      "model": "RedHatAI/Llama-4-Scout-17B-16E-Instruct-FP8-dynamic",
      "workload": "reasoning-lite-2-1",
      "ttft_mean_ape": 72.46356625264731,
      "e2e_mean_ape": 57.435557606336275,
      "combined_loss": 129.8991238589836,
      "wall_clock_seconds": 8.55337395798415,
      "latency_ape": {
        "e2e": {
          "mean": 57.435557606336275,
          "p90": 58.427380146193286,
          "p99": 59.62706142264979
        },
        "ttft": {
          "mean": 72.46356625264731,
          "p90": 75.58639380653288,
          "p99": 78.05088414912858
        },
        "itl": {
          "mean": 58.21213434362026
        }
      },
      "throughput_ape": {
        "input_tokens_per_sec": 0.5443846823402774,
        "output_tokens_per_sec": 48.5046748407706,
        "requests_per_sec": 49.46675722011324
      }
    },
    {
      "experiment_folder": "/Users/sri/Documents/Projects/inference-sim/training/trainval_data/20-llama-4-scout-17b-16e-tp2-codegen-2",
      "model": "RedHatAI/Llama-4-Scout-17B-16E-Instruct-FP8-dynamic",
      "workload": "codegen-2",
      "ttft_mean_ape": 47.10958428976643,
      "e2e_mean_ape": 44.37636807625481,
      "combined_loss": 91.48595236602125,
      "wall_clock_seconds": 0.7686848329612985,
      "latency_ape": {
        "e2e": {
          "mean": 44.37636807625481,
          "p90": 41.73057486581052,
          "p99": 42.56018737598521
        },
        "ttft": {
          "mean": 47.10958428976643,
          "p90": 48.44234403664865,
          "p99": 57.337899959273656
        },
        "itl": {
          "mean": 44.58786606941131
        }
      },
      "throughput_ape": {
        "input_tokens_per_sec": 34.39648562373236,
        "output_tokens_per_sec": 53.57069805387826,
        "requests_per_sec": 53.574346969207376
      }
    },
    {
      "experiment_folder": "/Users/sri/Documents/Projects/inference-sim/training/trainval_data/17-llama-4-scout-17b-16e-tp2-general-lite-2-1",
      "model": "RedHatAI/Llama-4-Scout-17B-16E-Instruct-FP8-dynamic",
      "workload": "general-lite-2-1",
      "ttft_mean_ape": 41.137737740228715,
      "e2e_mean_ape": 47.13612148433435,
      "combined_loss": 88.27385922456307,
      "wall_clock_seconds": 0.43687770899850875,
      "latency_ape": {
        "e2e": {
          "mean": 47.13612148433435,
          "p90": 33.170249815694255,
          "p99": 33.623781931717
        },
        "ttft": {
          "mean": 41.137737740228715,
          "p90": 41.49114758821114,
          "p99": 55.436646348326526
        },
        "itl": {
          "mean": 47.44198418488478
        }
      },
      "throughput_ape": {
        "input_tokens_per_sec": 41.68907866389664,
        "output_tokens_per_sec": 54.95495215030911,
        "requests_per_sec": 54.958599522604636
      }
    },
    {
      "experiment_folder": "/Users/sri/Documents/Projects/inference-sim/training/trainval_data/21-llama-4-scout-17b-16e-tp2-roleplay-2",
      "model": "RedHatAI/Llama-4-Scout-17B-16E-Instruct-FP8-dynamic",
      "workload": "roleplay-2",
      "ttft_mean_ape": 39.56133955985522,
      "e2e_mean_ape": 36.49257398582462,
      "combined_loss": 76.05391354567985,
      "wall_clock_seconds": 0.9416845421073958,
      "latency_ape": {
        "e2e": {
          "mean": 36.49257398582462,
          "p90": 34.50020465928074,
          "p99": 45.20406278765569
        },
        "ttft": {
          "mean": 39.56133955985522,
          "p90": 37.84168983639427,
          "p99": 45.32068005542319
        },
        "itl": {
          "mean": 36.758853402341174
        }
      },
      "throughput_ape": {
        "input_tokens_per_sec": 3.2531562107888696,
        "output_tokens_per_sec": 41.13134361636825,
        "requests_per_sec": 41.16267482348798
      }
    },
    {
      "experiment_folder": "/Users/sri/Documents/Projects/inference-sim/training/trainval_data/62-mistral-nemo-12b-tp2-general-lite-2-1",
      "model": "mistralai/Mistral-Nemo-Instruct-2407",
      "workload": "general-lite-2-1",
      "ttft_mean_ape": 29.402132323047148,
      "e2e_mean_ape": 25.273464745290326,
      "combined_loss": 54.675597068337474,
      "wall_clock_seconds": 1.6133851669728756,
      "latency_ape": {
        "e2e": {
          "mean": 25.273464745290326,
          "p90": 25.2316711203355,
          "p99": 26.550439343345634
        },
        "ttft": {
          "mean": 29.402132323047148,
          "p90": 29.16865601416238,
          "p99": 2.1678392997638163
        },
        "itl": {
          "mean": 24.622537289795808
        }
      },
      "throughput_ape": {
        "input_tokens_per_sec": 41.359215829620716,
        "output_tokens_per_sec": 54.31431331147245,
        "requests_per_sec": 54.32566491894527
      }
    },
    {
      "experiment_folder": "/Users/sri/Documents/Projects/inference-sim/training/trainval_data/20260217-162547-llama-2-7b-tp1-roleplay",
      "model": "meta-llama/Llama-2-7b-hf",
      "workload": "roleplay",
      "ttft_mean_ape": 25.18890387868001,
      "e2e_mean_ape": 25.290994628983697,
      "combined_loss": 50.479898507663705,
      "wall_clock_seconds": 4.839424334000796,
      "latency_ape": {
        "e2e": {
          "mean": 25.290994628983697,
          "p90": 19.06934065825794,
          "p99": 14.684600486481392
        },
        "ttft": {
          "mean": 25.18890387868001,
          "p90": 24.214353049807983,
          "p99": 13.274306079712165
        },
        "itl": {
          "mean": 2.902842234439369
        }
      },
      "throughput_ape": {
        "input_tokens_per_sec": 4.438192437869011,
        "output_tokens_per_sec": 23.012431367577182,
        "requests_per_sec": 36.441886214588244
      }
    },
    {
      "experiment_folder": "/Users/sri/Documents/Projects/inference-sim/training/trainval_data/63-mistral-nemo-12b-tp1-codegen-1-1",
      "model": "mistralai/Mistral-Nemo-Instruct-2407",
      "workload": "codegen-1-1",
      "ttft_mean_ape": 18.5077616932459,
      "e2e_mean_ape": 29.973111200532998,
      "combined_loss": 48.480872893778894,
      "wall_clock_seconds": 3.361457834020257,
      "latency_ape": {
        "e2e": {
          "mean": 29.973111200532998,
          "p90": 38.793293292725686,
          "p99": 38.26778039439798
        },
        "ttft": {
          "mean": 18.5077616932459,
          "p90": 21.215763119546555,
          "p99": 28.251078728092715
        },
        "itl": {
          "mean": 29.635762143443344
        }
      },
      "throughput_ape": {
        "input_tokens_per_sec": 34.17111518658107,
        "output_tokens_per_sec": 53.55357389792581,
        "requests_per_sec": 53.52720390803859
      }
    },
    {
      "experiment_folder": "/Users/sri/Documents/Projects/inference-sim/training/trainval_data/20260217-231439-llama-2-7b-tp1-general",
      "model": "meta-llama/Llama-2-7b-hf",
      "workload": "general",
      "ttft_mean_ape": 22.56080888239844,
      "e2e_mean_ape": 20.768478614654782,
      "combined_loss": 43.32928749705322,