{
  "iteration": 36,
  "backend_name": "trained-physics",
  "timestamp": "2026-04-09T01:15:16.663986",
  "best_params": {
    "alpha": [
      15563.199579,
      2.02990411,
      0.9922624
    ],
    "beta": [
      0.152128,
      0.0,
      1.26505769,
      0.56476887,
      32.09546717,
      0.89880384,
      126.024825,
      481.8613888,
      0.0,
      2.08664537
    ]
  },
  "loss": {
    "overall_loss": 33.88623361150809
  },
  "warm_start_loss": 35.672171534662326,
  "total_evals": 414,
  "total_wall_s": 9656
}