{
  "iteration": 28,
  "backend_name": "evolved",
  "timestamp": "2026-04-04T10:16:00.656524",
  "optimization": {
    "n_trials": 162,
    "optimization_time_seconds": 1642.4227230548859,
    "num_errors": 4
  },
  "best_params": {
    "alpha": [
      15563.199579,
      777.3455,
      45.907545
    ],
    "beta": [
      0.152128,
      0.0,
      1.363621,
      0.752037,
      32.394131,
      2.805128,
      126.024825,
      505.508488,
      0.0,
      1.922366
    ]
  },
  "loss": {
    "overall_loss": 34.65639761497179,
    "ttft_rmse": 22.838759480213685,
    "e2e_rmse": 11.817638134758102
  },
  "per_experiment_results": [
    {
      "experiment_folder": "/Users/sri/Documents/Projects/inference-sim/training/trainval_data/48-llama-4-scout-17b-16e-tp2-reasoning-lite-2-1",
      "model": "RedHatAI/Llama-4-Scout-17B-16E-Instruct-FP8-dynamic",
      "workload": "reasoning-lite-2-1",
      "ttft_mean_ape": 59.3514704118312,
      "e2e_mean_ape": 8.214568725278347,
      "combined_loss": 67.56603913710956,
      "wall_clock_seconds": 8.711952375015244,
      "latency_ape": {
        "e2e": {
          "mean": 8.214568725278347,
          "p90": 13.379874658426674,
          "p99": 17.188413604185012
        },
        "ttft": {
          "mean": 59.3514704118312,
          "p90": 62.502728172529245,
          "p99": 66.06321038860497
        },
        "itl": {
          "mean": 9.824449618808746
        }
      },
      "throughput_ape": {
        "input_tokens_per_sec": 0.5443846823402774,
        "output_tokens_per_sec": 63.828228040143465,
        "requests_per_sec": 64.5040218976358
      }
    },
    {
      "experiment_folder": "/Users/sri/Documents/Projects/inference-sim/training/trainval_data/20260217-231439-llama-2-7b-tp1-general",
      "model": "meta-llama/Llama-2-7b-hf",
      "workload": "general",
      "ttft_mean_ape": 27.35804010664602,
      "e2e_mean_ape": 25.228899126900533,
      "combined_loss": 52.58693923354655,
      "wall_clock_seconds": 7.761440041940659,
      "latency_ape": {
        "e2e": {
          "mean": 25.228899126900533,
          "p90": 21.78398695088983,
          "p99": 20.647158540580797
        },
        "ttft": {
          "mean": 27.35804010664602,
          "p90": 34.071123334516564,
          "p99": 34.9558576701366
        },
        "itl": {
          "mean": 37.018233464937616
        }
      },
      "throughput_ape": {
        "input_tokens_per_sec": 45.21387356615476,
        "output_tokens_per_sec": 54.205753593216066,
        "requests_per_sec": 61.24342962574041
      }
    },
    {
      "experiment_folder": "/Users/sri/Documents/Projects/inference-sim/training/trainval_data/67-llama-2-7b-hf-tp1-reasoning-lite-1-1",
      "model": "meta-llama/Llama-2-7b-hf",
      "workload": "reasoning-lite-1-1",
      "ttft_mean_ape": 36.51959977923313,
      "e2e_mean_ape": 0.849883304134076,
      "combined_loss": 37.36948308336721,
      "wall_clock_seconds": 18.982743790955283,
      "latency_ape": {
        "e2e": {
          "mean": 0.849883304134076,
          "p90": 13.403167720477482,
          "p99": 18.599064270974832
        },
        "ttft": {
          "mean": 36.51959977923313,
          "p90": 37.34702043317959,
          "p99": 46.44223438245989
        },
        "itl": {
          "mean": 23.25585822459573
        }
      },
      "throughput_ape": {
        "input_tokens_per_sec": 2.2420511988259886,
        "output_tokens_per_sec": 34.95928452010196,
        "requests_per_sec": 49.66854722764548
      }
    },
    {
      "experiment_folder": "/Users/sri/Documents/Projects/inference-sim/training/trainval_data/20260217-162547-llama-2-7b-tp1-roleplay",
      "model": "meta-llama/Llama-2-7b-hf",
      "workload": "roleplay",
      "ttft_mean_ape": 16.84086518527373,
      "e2e_mean_ape": 16.807812078373217,
      "combined_loss": 33.648677263646945,
      "wall_clock_seconds": 4.91378187504597,
      "latency_ape": {
        "e2e": {
          "mean": 16.807812078373217,
          "p90": 10.676646339393322,
          "p99": 7.598546466709491
        },
        "ttft": {
          "mean": 16.84086518527373,
          "p90": 14.489732846359868,
          "p99": 4.047819445565552
        },
        "itl": {
          "mean": 4.06657575792206
        }
      },
      "throughput_ape": {
        "input_tokens_per_sec": 4.438192437869011,
        "output_tokens_per_sec": 22.026541807459203,
        "requests_per_sec": 35.6279719430387
      }
    },
    {
      "experiment_folder": "/Users/sri/Documents/Projects/inference-sim/training/trainval_data/21-llama-4-scout-17b-16e-tp2-roleplay-2",
      "model": "RedHatAI/Llama-4-Scout-17B-16E-Instruct-FP8-dynamic",
      "workload": "roleplay-2",
      "ttft_mean_ape": 16.198914424694756,
      "e2e_mean_ape": 16.099580324168674,
      "combined_loss": 32.29849474886343,
      "wall_clock_seconds": 0.9361084590200335,
      "latency_ape": {
        "e2e": {
          "mean": 16.099580324168674,
          "p90": 11.622337027077881,
          "p99": 7.435183013765394
        },
        "ttft": {
          "mean": 16.198914424694756,
          "p90": 12.19903654636355,
          "p99": 39.91030478656988
        },
        "itl": {
          "mean": 15.935568828544572
        }
      },
      "throughput_ape": {
        "input_tokens_per_sec": 3.2531562107888696,
        "output_tokens_per_sec": 51.45756865774139,
        "requests_per_sec": 51.483404018422426
      }
    },
    {
      "experiment_folder": "/Users/sri/Documents/Projects/inference-sim/training/trainval_data/17-llama-4-scout-17b-16e-tp2-general-lite-2-1",
      "model": "RedHatAI/Llama-4-Scout-17B-16E-Instruct-FP8-dynamic",
      "workload": "general-lite-2-1",
      "ttft_mean_ape": 13.33207955053405,
      "e2e_mean_ape": 15.729064165403663,
      "combined_loss": 29.061143715937714,
      "wall_clock_seconds": 0.4268844580510631,
      "latency_ape": {
        "e2e": {
          "mean": 15.729064165403663,
          "p90": 15.213678573846268,
          "p99": 12.911893283325822
        },
        "ttft": {
          "mean": 13.33207955053405,
          "p90": 13.570584472869882,
          "p99": 35.95589734934292
        },
        "itl": {
          "mean": 15.584987590502045
        }
      },
      "throughput_ape": {
        "input_tokens_per_sec": 41.68907866389664,
        "output_tokens_per_sec": 57.54280480740803,
        "requests_per_sec": 57.546242636978285
      }
    },
    {
      "experiment_folder": "/Users/sri/Documents/Projects/inference-sim/training/trainval_data/20-llama-4-scout-17b-16e-tp2-codegen-2",
      "model": "RedHatAI/Llama-4-Scout-17B-16E-Instruct-FP8-dynamic",
      "workload": "codegen-2",
      "ttft_mean_ape": 23.497741409562355,
      "e2e_mean_ape": 5.04169537013461,
      "combined_loss": 28.539436779696963,
      "wall_clock_seconds": 0.7663202499970794,
      "latency_ape": {
        "e2e": {
          "mean": 5.04169537013461,
          "p90": 0.5681199242403538,
          "p99": 1.22847351958117
        },
        "ttft": {
          "mean": 23.497741409562355,
          "p90": 24.03540912825522,
          "p99": 37.79111888600032
        },
        "itl": {
          "mean": 4.929589981815208
        }
      },
      "throughput_ape": {
        "input_tokens_per_sec": 34.39648562373236,
        "output_tokens_per_sec": 58.45870533418237,
        "requests_per_sec": 58.46197009717778
      }
    },
    {
      "experiment_folder": "/Users/sri/Documents/Projects/inference-sim/training/trainval_data/63-mistral-nemo-12b-tp1-codegen-1-1",
      "model": "mistralai/Mistral-Nemo-Instruct-2407",
      "workload": "codegen-1-1",
      "ttft_mean_ape": 8.199565385197264,
      "e2e_mean_ape": 18.02648775054252,
      "combined_loss": 26.226053135739782,
      "wall_clock_seconds": 3.392646541004069,
      "latency_ape": {
        "e2e": {
          "mean": 18.02648775054252,
          "p90": 26.158069138365303,