{
  "iteration": 33,
  "backend_name": "kernel-lookup",
  "timestamp": "2026-04-08T10:45:40.710300",
  "best_params": {
    "alpha": [
      17658.51401226,
      0.0,
      3.10562002
    ],
    "beta": [
      0.08599466,
      0.30222664,
      0.93858709,
      1.0,
      0.00890702,
      1.0,
      0.0,
      85.87808244,
      214.41517253,
      484.0299445100002
    ]
  },
  "loss": {
    "overall_loss": 64.2607685411563
  },
  "warm_start_loss": 90.76369128911676,
  "nm_result": {
    "success": true,
    "message": "Optimization terminated successfully.",
    "nit": 26,
    "nfev": 68
  }
}