{
  "strategy": "slo-gated-priority-cascade",
  "best_parameters": {
    "base_critical": 10.005629167085328,
    "base_sheddable": 0.714334089609704,
    "age_weight": 2.0034427927560745e-05,
    "threshold_sheddable": 75385,
    "bias_critical": 0.8609993861334124,
    "bias_sheddable": 0.4692763545078752,
    "slo_scorer_weight": "1"
  },
  "best_score": 131.78480333333334,
  "convergence": [
    132.61257,
    131.78480333333334,
    132.29292999999998,
    131.88789666666665,
    131.94223666666667,
    131.94223666666667,
    132.05597666666668,
    131.94223666666667,
    131.94223666666667,
    132.09934333333334,
    149.68644333333333,
    340.6601699999999,
    318.59954666666647,
    236.6633066666665,
    145.2909566666667,
    132.31107,
    233.11217000000028,
    131.78480333333334,
    131.78480333333334,
    131.94223666666667,
    207.4271866666666,
    131.89338999999998,
    131.89338999999998,
    131.90349666666665,
    131.90739666666664,
    187.78254666666675,
    132.31107,
    132.24027666666666,
    149.94170333333332,
    131.94223666666667
  ],
  "n_calls": 30,
  "seeds": [
    42,
    43,
    44
  ]
}