{
  "best_parameters": {
    "base_critical": 12.938207890846927,
    "base_sheddable": 2.7802664857960275,
    "age_weight": 9.836590807646752e-05,
    "threshold_sheddable": 500000,
    "max_tokens": 962,
    "prefill_crit": 508
  },
  "best_score": 70.77781,
  "convergence": [
    575.3187333333334,
    105.34971333333321,
    1808.2912400000002,
    362.5430666666667,
    125.09622666666667,
    210.02377666666666,
    144.30145000000002,
    287.2889866666667,
    104.42075666666666,
    196.73914833333333,
    262.9665733333333,
    206.71349999999998,
    274.02183666666696,
    96.98375333333333,
    96.17078333333335,
    129.83425333333332,
    103.46901000000001,
    82.33554666666667,
    107.11648666666652,
    197.25484666666677,
    117.78802333333327,
    163.82051666666666,
    183.34992,
    75.83905666666666,
    96.29935166666668,
    86.10702333333332,
    108.60436333333313,
    111.45351,
    163.82051666666666,
    70.77781,
    104.04895666666664,
    350.1914916666666,
    294.57460999999995,
    159.94069333333331,
    247.49821333333335,
    232.8437766666666,
    264.02895333333333,
    141.69489999999996,
    130.14594333333332,
    80.17235666666666
  ]
}