{
  "iter5_hmain": {
    "beta": [
      158.3649237338987,
      563.252758268866,
      9.65704432115265,
      9705.323319859857
    ],
    "alpha": [
      19040.52734375,
      0.0,
      0.0
    ],
    "delta": [
      491.943359375
    ],
    "overheads_used": {
      "llama-2-7b": 1934.0646387839997,
      "llama-2-70b": -7020.243646719995,
      "mixtral-8x7b": 2042.4964900480009,
      "codellama-34b": -8839.675826655995
    }
  },
  "iter5_hablation": {
    "beta": [
      116.11,
      1226.868,
      19.943,
      9445.157
    ],
    "alpha": [
      24170.980180169936,
      0.0,
      0.0
    ],
    "delta": [
      -3541.9793676605814,
      -252.1216065215258
    ]
  },
  "iter3_baseline": {
    "beta": [
      116.11,
      1226.868,
      19.943,
      9445.157
    ],
    "alpha": [
      13732.0,
      0.0,
      860.6
    ],
    "delta": null
  }
}